name,email,address,city,dob
Tatum Holland,non.dapibus@icloud.ca,Ap #176-5123 Pellentesque Rd.,Rockingham,"Aug 29, 1976"
Zia Aguirre,fermentum.convallis@hotmail.ca,"P.O. Box 387, 6395 Et Rd.",Bingen,"Jul 30, 1968"
Ruth Todd,parturient@hotmail.ca,"P.O. Box 133, 1164 Nullam Road",Batangas City,"Jun 25, 2011"
Angelica Edwards,sed@aol.couk,"P.O. Box 468, 7087 Proin Avenue",Lidingo,"Jan 12, 1987"
Linda Marks,ornare.libero.at@google.couk,792-7093 Faucibus Rd.,San Juan del Río,"Mar 21, 1972"
Yuli Howe,hendrerit.donec.porttitor@icloud.edu,997-4578 Donec St.,Bad Homburg v. d. Höhe,"Sep 2, 1943"
Willow Chavez,ornare.sagittis@outlook.couk,Ap #250-6035 Donec Rd.,Cổ Lễ,"Feb 6, 2017"
Lars Turner,egestas.blandit@google.couk,Ap #762-2312 Molestie Avenue,Chungju,"Dec 21, 2005"
Quintessa Atkinson,interdum.sed@icloud.org,"P.O. Box 679, 1542 Purus Rd.",Zeya,"Dec 31, 2005"
Portia Fulton,nec.tempus@aol.net,352-8313 Facilisis Road,Blaenau Ffestiniog,"May 14, 1960"
Audra Lester,non.leo@hotmail.couk,200-8863 Ut Road,Campina Grande,"Jul 18, 1979"
Chadwick Sawyer,aliquet.odio@protonmail.org,Ap #486-4690 Lacus. St.,Graneros,"Jan 25, 1960"
Carol Luna,sem.consequat@google.com,619-8431 Integer Rd.,Unecha,"Jan 12, 1984"
Dexter Turner,ornare.libero@yahoo.net,"Ap #220-2216 Mauris, Road",Zaragoza,"Aug 7, 1957"
Julian Whitney,non.massa.non@hotmail.edu,"273-6305 Nec, Rd.",Reyhanlı,"Dec 12, 1982"
Carl Dickson,non.sapien.molestie@yahoo.couk,599-5519 Massa Avenue,Quinchao,"Mar 26, 1998"
Derek Mcknight,dictum@google.ca,446-1289 Laoreet Ave,Pamplona,"Aug 21, 1991"
Talon Bradley,et.euismod@icloud.ca,5614 Nec Street,Banjarbaru,"May 16, 2010"
Jocelyn Christensen,amet@icloud.net,Ap #821-4089 Gravida St.,Phan Rang–Tháp Chàm,"Nov 2, 1996"
Kevin Edwards,non@yahoo.org,726-1914 Sem Street,Waitara,"Mar 1, 1946"
Renee Barry,enim.suspendisse@yahoo.ca,"P.O. Box 536, 5537 Ut Street",Cork,"Sep 13, 2014"
Kirk Reese,fermentum.metus.aenean@google.net,597-7130 Risus. Avenue,Kitsman,"Mar 7, 1976"
Brynn Roth,cum.sociis@aol.couk,"3739 Vitae, Av.",Angoulême,"Feb 7, 1990"
Travis Chang,massa.mauris@google.org,"766-7696 Sed, St.",Mödling,"Jan 30, 1996"
Jordan Joseph,sem@icloud.edu,783-5370 Mauris Avenue,San Juan del Río,"Sep 27, 1956"
Bruce Mccullough,volutpat.nunc@icloud.org,392-529 Euismod Rd.,San Francisco,"Jan 10, 2001"
Heather Bruce,non.magna.nam@icloud.edu,Ap #399-3626 Pellentesque Av.,Icheon,"Jun 17, 2003"
Victoria Brewer,arcu.vel@icloud.com,"Ap #180-4763 Eget, Avenue",Belfast,"Sep 5, 1997"
Walker Morin,varius.nam@protonmail.org,389-3310 Ullamcorper. St.,Meppel,"May 1, 1977"
Alvin Cortez,dis.parturient@google.com,"P.O. Box 676, 446 Ullamcorper Street",Palembang,"Feb 23, 1977"
Harrison Hicks,arcu.et@yahoo.edu,"164-4470 Ornare, Street",Novo Hamburgo,"Sep 19, 2005"
Magee Mann,lacus.varius@outlook.com,"Ap #653-1173 Et, Road",Okene,"Sep 20, 1960"
Baxter Nash,eu@protonmail.ca,"Ap #522-1045 Convallis, Rd.",Bloomington,"Mar 19, 2007"
Omar Vincent,ut.pellentesque@outlook.couk,Ap #291-8462 Dignissim Av.,Tuxtla Gutiérrez,"Apr 15, 1975"
Zeph Vazquez,accumsan@outlook.ca,"P.O. Box 263, 9502 Arcu Rd.",Hưng Yên,"May 2, 2002"
Hop Trujillo,nec@icloud.edu,1419 Etiam Avenue,Ulsan,"May 20, 2017"
Kaseem Lester,penatibus@hotmail.org,987-8276 Ullamcorper. St.,Dublin,"Jan 13, 2009"
Alisa Giles,rutrum.urna@yahoo.net,262-3744 Amet Rd.,Woodlands,"Sep 27, 1987"
Stacey Harvey,imperdiet.erat@protonmail.net,2475 Urna Av.,Ang Mo Kio,"Feb 13, 1945"
Kelsie Mcclain,vivamus.euismod@hotmail.ca,"P.O. Box 173, 6807 Rhoncus. Rd.",Vezirköprü,"May 22, 1992"
Aristotle Delacruz,at.arcu@hotmail.org,7408 Malesuada Av.,Mandal,"Jan 31, 2009"
Hayley Flores,sed.neque@google.net,Ap #947-6514 Adipiscing Av.,Tonalá,"Nov 23, 2001"
Lee Frazier,eget.laoreet@google.ca,"P.O. Box 325, 7538 Velit Av.",Huntly,"Apr 4, 1966"
Charde Emerson,nonummy.ac.feugiat@icloud.edu,Ap #340-6654 Enim. Av.,Ahrensburg,"Sep 20, 1978"
Nero Valenzuela,nunc.sed.pede@google.net,332-5039 Erat Street,Greifswald,"Sep 23, 1949"
Brooke Newman,penatibus@outlook.ca,536-1351 Ante Street,Fauske,"Jul 30, 1959"
Abel Boyer,molestie@yahoo.ca,Ap #626-6810 Ut Ave,Elverum,"Feb 28, 1980"
Micah Duke,nibh.aliquam@protonmail.org,549-1585 Ipsum Rd.,Sint-Renelde Saintes,"Jun 29, 2002"
Brent Buckley,molestie.arcu@google.com,277-7017 Nulla. Street,Quy Nhơn,"Sep 3, 1950"
Farrah Frank,auctor.nunc@yahoo.org,8151 Ut Street,Boon Lay,"Oct 24, 2007"
Kylan Summers,malesuada.fames@protonmail.edu,963-8811 Cras Rd.,Épernay,"Jul 19, 1952"
Stone Holloway,quis.tristique@yahoo.ca,Ap #649-4260 Cursus Rd.,Cusco,"Sep 5, 1961"
Rooney Sharpe,quis@outlook.edu,"P.O. Box 773, 4303 At St.",Puntarenas,"Jan 25, 1963"
Chester Parrish,non.vestibulum@icloud.couk,Ap #995-3195 Eu Street,Calarcá,"Apr 22, 2001"
Ashely Mullins,lacus@hotmail.com,783-6225 Sodales St.,Mauá,"Feb 5, 1941"
Kane Drake,tellus.justo.sit@aol.ca,128-7300 Etiam St.,Potenza,"Jun 26, 1998"
Courtney Smith,nisl.elementum@yahoo.edu,7588 Neque. Rd.,Labrecque,"Nov 5, 1960"
Shafira Molina,sit@outlook.ca,Ap #926-4636 Mauris. St.,Opole,"Jul 21, 1980"
Tamekah Woods,mus.aenean.eget@yahoo.com,705-6110 Consectetuer St.,Gävle,"Dec 13, 1993"
Kirk Velasquez,nunc.ac@protonmail.edu,"P.O. Box 777, 6500 Dis Rd.",Carson City,"Dec 8, 1944"
Dean Morse,urna.nec.luctus@yahoo.org,Ap #834-336 Tellus. Street,Uiwang,"Apr 29, 1945"
Macaulay Ruiz,tempus@hotmail.net,154-5321 Magna. Street,Kohima,"Jan 18, 1940"
Ursula Bishop,ornare@aol.couk,"P.O. Box 278, 3441 Nunc. Rd.",Hebei,"May 14, 1998"
Kadeem Saunders,id.risus@yahoo.ca,Ap #630-8329 Mus. Rd.,Port Harcourt,"May 17, 1963"
Nicholas Acevedo,vel.sapien.imperdiet@google.couk,"P.O. Box 510, 3364 Et, St.",Tomsk,"May 31, 1976"
Marny James,ornare.tortor.at@protonmail.ca,175-7156 Suspendisse Road,Westport,"Mar 12, 2011"
Amal Snider,nulla@hotmail.org,"P.O. Box 881, 6432 Leo. St.",Lasbela,"Nov 22, 1943"
Audrey Shelton,vivamus@protonmail.edu,Ap #955-3028 Aliquam Road,Norrköping,"Sep 15, 1942"
Elaine Frye,per.inceptos@yahoo.com,Ap #947-6478 Laoreet Av.,Milmort,"Apr 15, 1954"
Fulton Jordan,lorem.sit@outlook.com,Ap #767-1563 Non St.,Timaru,"Aug 15, 1957"
Kalia Tanner,et@aol.com,Ap #171-461 Eu Avenue,Nizhny,"Oct 2, 1987"
Hayden Henry,aliquam.adipiscing@aol.edu,"P.O. Box 270, 8117 Tempus Street",Asan,"Nov 10, 2006"
Brody Baker,enim.sit@outlook.edu,127-4252 Vestibulum. Av.,Ciudad Real,"Aug 19, 1949"
Stuart Hebert,dui.nec@hotmail.edu,Ap #298-9173 Nam St.,Goes,"Jan 27, 2000"
Hamish Sutton,ornare.lectus@aol.org,278-1341 Mattis. Avenue,Phalaborwa,"Aug 11, 1969"
Jayme Hicks,sagittis.felis@google.edu,"P.O. Box 268, 536 Amet Road",Haisyn,"Apr 3, 1992"
Flynn Cummings,interdum@yahoo.net,575-1915 Sociis St.,Sóc Trăng,"Jun 26, 1994"
Alice Turner,aliquam@google.couk,9785 Justo. Street,Püttlingen,"Jul 4, 1987"
Xander Witt,nullam.enim@yahoo.com,"P.O. Box 116, 8216 Lectus Rd.",Haridwar,"May 30, 1960"
Beverly Ayers,lacus.nulla.tincidunt@icloud.com,5082 Tortor. Avenue,San Pedro,"Mar 29, 1949"
Louis Blevins,quisque.porttitor@icloud.edu,"5851 Ut, Road",Rodez,"Aug 31, 1998"
William Henson,curabitur.ut.odio@google.org,615-3026 Sem Street,Dagupan City,"Jan 26, 1940"
Raphael Gregory,ligula.aliquam.erat@hotmail.couk,999-5430 Cras Avenue,Dapitan,"Mar 3, 2020"
Serina Francis,dis@outlook.com,Ap #515-9277 Mattis. Rd.,Ang Mo Kio,"Sep 5, 1970"
Kylan Sullivan,arcu.vestibulum@google.org,Ap #207-4773 Etiam Road,Mmabatho,"Jan 13, 2007"
Janna Mann,et.tristique@protonmail.com,"916-8664 Eget, Rd.",Cartagena,"Dec 7, 1954"
Ignatius Case,vitae.odio@protonmail.org,Ap #849-7013 Sed Avenue,Huancayo,"Jul 4, 2011"
Lane Stein,ut.nisi@yahoo.org,Ap #873-151 Mi. Rd.,Jecheon,"Mar 11, 2003"
Catherine Strong,eu.elit.nulla@hotmail.ca,4669 In Rd.,Pohang,"Feb 18, 1977"
Mari Warren,at.arcu.vestibulum@protonmail.ca,899-8791 Posuere Avenue,Grand Rapids,"May 9, 1971"
Ashton Owens,fringilla.cursus.purus@aol.edu,565-5526 Pellentesque Ave,Sawahlunto,"Apr 13, 1992"
Tatyana Morton,mollis@protonmail.edu,"P.O. Box 473, 7304 Magna Rd.",Savona,"Oct 6, 2000"
Maile Noble,vulputate@hotmail.org,"512-1001 Elementum, St.",Huancayo,"Oct 18, 2012"
Jelani Hudson,ac.facilisis@hotmail.ca,"414-3288 Lorem, St.",Legazpi,"Dec 17, 2007"
Zachary Velasquez,magna.suspendisse.tristique@google.edu,Ap #247-1188 Orci. Ave,Buôn Ma Thuột,"Apr 21, 1943"
Finn Weeks,fringilla.euismod.enim@aol.couk,2091 Ultricies Road,Phú Thái,"Dec 22, 1991"
Xena Wood,proin@google.net,Ap #562-6238 Ac Road,Jilin,"Aug 26, 2016"
Kiayada Lane,dolor.quisque@google.org,Ap #837-5213 Proin St.,Augusta,"Aug 16, 1977"
Sasha Santos,magna.a@outlook.net,499-4070 Nec St.,Hof,"Jun 23, 1989"
Lilah Moses,sem@icloud.com,Ap #149-6903 Erat Avenue,Cork,"Nov 21, 1960"
Ramona Chambers,orci@icloud.couk,Ap #572-3015 Feugiat Avenue,Saint Petersburg,"Jul 12, 2004"
Cecilia Wooten,cum@protonmail.org,Ap #941-4348 Euismod St.,Chernihiv,"Jan 8, 1994"
Xander Mann,et@aol.couk,"P.O. Box 342, 3288 Aenean Av.",Haut-Ittre,"Sep 27, 1959"
Fritz Roman,dis.parturient@yahoo.org,2078 Velit. St.,Lerum,"Oct 18, 1944"
Benedict Hickman,pellentesque.ut@yahoo.net,Ap #310-4458 Libero. Avenue,Jinju,"May 13, 1984"
Dexter Hogan,suspendisse.eleifend@hotmail.ca,Ap #176-167 Arcu. Street,Liberia,"Sep 7, 1981"
Castor Joseph,nunc.in@hotmail.org,491-7957 Risus Road,Charlottetown,"Aug 7, 1954"
Bernard Blanchard,tellus.lorem.eu@google.com,"P.O. Box 757, 3155 Integer Av.",Jilin,"Aug 26, 1974"
Olivia Robles,at@yahoo.edu,4098 Sit Avenue,Crecchio,"Jul 2, 2008"
Gail Pope,vitae@google.org,"P.O. Box 126, 2282 Semper Ave",Panjim,"Jun 25, 1944"
Emerson Baxter,rhoncus.proin@yahoo.edu,339-2898 Sed Rd.,Huesca,"Oct 20, 1978"
Sara Lucas,sem@hotmail.edu,Ap #746-5130 Netus Road,Gjoa Haven,"Dec 5, 1981"
Orli Becker,dolor.vitae@protonmail.couk,Ap #773-9789 Nulla Rd.,Tarma,"Oct 1, 1998"
Bree Potter,non@google.net,8298 Curabitur Rd.,Santiago,"May 5, 2017"
Dustin Ramos,odio@icloud.couk,587-8708 Pellentesque Rd.,Zwolle,"Nov 18, 1949"
Stacey Buck,montes.nascetur@protonmail.edu,280-2566 Placerat Avenue,Iquitos,"Apr 28, 2010"
Ignacia Fox,lobortis.class@outlook.ca,"P.O. Box 319, 6181 Odio. Street",Port Nolloth,"Jan 12, 1967"
Gavin Cantu,ornare.facilisis@outlook.net,"263-4354 Suscipit, Street",Cañas,"Sep 12, 1983"
Hashim Tillman,ac.urna.ut@google.org,215-8322 Nonummy Street,Ibadan,"Jan 11, 1999"
Willa Porter,malesuada.augue.ut@icloud.edu,1891 In Av.,Kemerovo,"Sep 7, 1978"
Ramona Fields,mollis.duis@yahoo.com,Ap #239-2455 Morbi St.,Tongyeong,"Oct 29, 1953"
Kaye Norton,nunc.ullamcorper.velit@outlook.net,"Ap #726-4174 Ullamcorper, Avenue",Sungai Penuh,"Jun 12, 1955"
Mariam Blackburn,neque@aol.ca,"P.O. Box 861, 3066 Euismod St.",Cheonan,"Oct 16, 1998"
Shaine Jarvis,curabitur.vel@google.couk,225-806 Metus. Street,Ernage,"Feb 4, 2003"
Clarke Bruce,faucibus@outlook.net,Ap #670-5833 Sodales Ave,Ananindeua,"Jan 19, 2019"
Farrah York,ornare.lectus@google.net,"P.O. Box 925, 9980 Enim. St.",Palma de Mallorca,"Sep 23, 1942"
Dahlia Sparks,at.velit@aol.edu,Ap #370-5632 Neque. Ave,Itanagar,"May 2, 1968"
Ralph Griffith,ut@google.net,Ap #331-1439 Pharetra. Road,Jönköping,"Aug 2, 2017"
Aurelia Hawkins,class.aptent.taciti@protonmail.com,810-7006 Eget Ave,Alva,"Oct 9, 1964"
Beau Weber,et.magnis@protonmail.net,"P.O. Box 832, 9646 Purus, Street",Butte,"Jul 19, 2006"
Nicole Bradshaw,metus@google.net,858 Ut Rd.,Biała Podlaska,"Feb 17, 2004"
Alec Buchanan,ut.pharetra@aol.net,1846 Fusce St.,Purranque,"Feb 27, 1946"
Mara Frank,eget@aol.edu,809-9022 Tincidunt Road,Lambayeque,"Jul 7, 2018"
Zephania Jacobson,auctor.vitae.aliquet@google.edu,8984 Ridiculus Rd.,Delhi,"Mar 12, 1956"
Gloria Jenkins,hendrerit.donec@outlook.ca,"899-3858 Lectus, Av.",Warren,"Nov 9, 1972"
Noah Moran,donec.dignissim.magna@google.com,8348 Mattis Rd.,Buccheri,"Jul 10, 1971"
Blaze Vargas,sit.amet@icloud.ca,499-2792 Malesuada. Avenue,Klosterneuburg,"Nov 4, 1944"
Tiger Conrad,fringilla.euismod@google.net,"Ap #936-4535 Posuere, Ave",Armenia,"Jul 29, 1988"
Elmo Petty,egestas.sed@yahoo.com,4875 Metus. St.,Shaanxi,"Jul 5, 1982"
Deacon Pruitt,proin.non@protonmail.couk,7572 Rhoncus Rd.,Ravenstein,"Jun 23, 2015"
Petra Keith,justo.nec@outlook.couk,"943-8261 Non, Avenue",Jacksonville,"Jun 30, 1986"
Adena Boyle,congue.in.scelerisque@google.com,398-3787 Ultricies Street,Tabuk,"Sep 17, 1983"
Raphael Gray,vestibulum.nec@outlook.edu,766-9575 Luctus. Road,Jurong East,"Jan 18, 1944"
Leonard Lawson,cursus.diam@aol.org,916-5242 Pede. Rd.,Pereira,"Apr 8, 2003"
Erasmus Norman,sem@google.net,Ap #986-3249 Morbi Street,Poltava,"Aug 30, 2002"
Cecilia Bray,a.felis@google.net,"Ap #907-6413 Tortor, Road",Tarsus,"Jun 2, 1996"
Alden Burks,quam@outlook.edu,Ap #858-6182 Sed St.,Sengkang,"Jun 6, 1971"
Lyle Foley,dolor.quisque@yahoo.net,"P.O. Box 146, 8587 In Av.",Castel del Giudice,"Mar 20, 1962"
Ruth Bates,turpis@protonmail.com,835-7523 In Av.,Lasne-Chapelle-Saint-Lambert,"Apr 24, 1975"
Peter Strong,luctus.lobortis@google.org,"3918 Ut, Rd.",Calgary,"May 21, 1998"
Palmer Mcgowan,quisque@icloud.com,6395 Porttitor St.,Portland,"Nov 16, 1955"
Felicia Emerson,vel.lectus@outlook.ca,283-6866 Tincidunt. Street,Moss,"Nov 22, 1964"
Ira Campbell,dui@protonmail.net,Ap #982-7700 Pharetra Rd.,Alcalá de Henares,"Dec 23, 1983"
Thaddeus Mccarthy,ac@yahoo.org,"Ap #599-254 Ac, Av.",Dublin,"Sep 5, 1970"
Ina Rutledge,nibh.vulputate@aol.net,"512-109 Non, Rd.",Pondicherry,"Sep 4, 1971"
Julian Boone,ante.dictum@yahoo.net,6792 Gravida Avenue,Girardot,"Oct 23, 1975"
Brooke Holt,at@icloud.edu,"Ap #237-9080 Ullamcorper, Rd.",Cali,"Jan 8, 1946"
James Middleton,scelerisque.lorem.ipsum@icloud.edu,"129-5797 Tellus, Avenue",Portree,"Aug 12, 2007"
Evan Hudson,vitae.sodales.at@google.edu,"Ap #603-403 Ante, St.",Bedford,"Mar 20, 2012"
Jerry Higgins,sem.eget@yahoo.edu,5277 Fusce St.,Malartic,"Jan 6, 1953"
Dane Salinas,nibh.enim.gravida@aol.edu,Ap #937-9776 Quis Ave,Athens,"Nov 4, 1977"
Marshall Melton,adipiscing.elit@outlook.com,493-9691 Vitae Av.,Bathurst,"Jul 15, 1940"
Phelan Chase,ut.sem.nulla@hotmail.couk,"P.O. Box 383, 3742 A, Rd.",Sint-Stevens-Woluwe,"Jul 3, 1974"
Simone Guerrero,commodo.hendrerit@hotmail.couk,169-8770 Quisque Avenue,Chungju,"Mar 18, 1970"
Buckminster Mccall,ut.pharetra@aol.net,607-8093 Iaculis Ave,Central Water Catchment,"Jul 12, 1967"
Lila Fuller,ut.dolor@yahoo.net,"P.O. Box 828, 2106 Eros Rd.",San Rafael,"Sep 24, 1950"
Stephen Lamb,nulla.eu@protonmail.com,1528 Non St.,Erdemli,"Oct 23, 1948"
Moses Beasley,massa.non@protonmail.edu,171-5631 Tempus Road,Les Bulles,"Jun 4, 1976"
Phoebe Hughes,massa.non@yahoo.com,655-3072 Arcu St.,Itajaí,"Sep 10, 2012"
Olympia Lopez,nunc@yahoo.edu,Ap #503-5953 Proin Ave,Balfour,"Feb 3, 1999"
Kevyn Molina,dictum@hotmail.edu,Ap #707-1158 Mauris St.,Duque de Caxias,"Feb 11, 1962"
Whoopi Pratt,donec@aol.com,Ap #647-3712 Ultrices Road,Seongnam,"Aug 1, 1960"
Merrill Walters,laoreet.ipsum@protonmail.edu,"P.O. Box 901, 3258 Suspendisse Road",Florø,"Aug 18, 2010"
Maxwell Pearson,id.magna.et@outlook.couk,Ap #548-1853 Augue Rd.,Nelspruit,"Aug 18, 1996"
Lavinia Thompson,tortor@yahoo.net,7379 Rutrum St.,San Carlos,"Sep 3, 2003"
Lana Keith,accumsan.laoreet@aol.couk,"P.O. Box 800, 3316 Dolor Road",Smolensk,"Apr 17, 1988"
Elijah Snow,varius.et.euismod@protonmail.org,326-1330 In Ave,Chuncheon,"May 11, 2000"
Sade Mosley,laoreet.posuere@hotmail.ca,5993 Lobortis St.,Hawera,"Jun 28, 1985"
Ira Colon,sagittis.augue@protonmail.com,7987 Sed Rd.,Silvan,"Nov 26, 1978"
Dolan Mullen,urna.nec.luctus@google.net,6230 Ultricies Street,Jurong East,"Aug 9, 1982"
Mallory Fischer,nec.orci@protonmail.couk,228-9373 Iaculis St.,A Coruña,"Mar 26, 1954"
Ebony Freeman,tincidunt.tempus@yahoo.edu,"Ap #230-5773 Erat, Road",Hualaihué,"Aug 17, 1981"
Jonah Ford,cum.sociis@outlook.couk,202-5181 Ullamcorper. Avenue,Barranca,"Jul 29, 1989"
Raya Salas,magna.a@aol.ca,"P.O. Box 364, 510 Libero. Road",Picton,"Aug 20, 1994"
Jackson Short,praesent@aol.couk,"247-2020 Ut, Avenue",Dublin,"Jul 25, 1993"
Stephen Craig,a.arcu@hotmail.com,952-7553 Nisl. Rd.,Liberia,"Feb 19, 1996"
Jamalia Parker,donec@aol.net,2009 Placerat. Rd.,Falkirk,"Oct 5, 1998"
Desirae Shepherd,purus.maecenas@icloud.net,428-8627 Gravida Rd.,Springs,"Mar 23, 1997"
Gillian Potter,lorem.auctor@icloud.com,1692 Dapibus Rd.,Ashburton,"Sep 15, 1941"
Nola Pruitt,lacus.pede.sagittis@protonmail.edu,"Ap #256-9915 Vulputate, St.",Trochu,"Jun 18, 1983"
Susan Vincent,proin.nisl@google.org,186-8930 Vestibulum Av.,Bakal,"Mar 20, 1968"
Julian Slater,consequat.nec.mollis@protonmail.couk,Ap #180-4895 Magna Street,Rio Verde,"Jul 23, 1963"
Kermit Cannon,id.libero@google.edu,6779 Nec Road,Annapolis County,"Mar 2, 1997"
Lydia Cohen,tincidunt.neque@outlook.org,Ap #741-291 Aliquet. St.,Rendsburg,"Oct 18, 1977"
Stone Hawkins,senectus.et@outlook.net,"P.O. Box 159, 4811 Non Rd.",Avesta,"Mar 6, 1976"
Raven Schwartz,tincidunt@hotmail.com,950-3819 Risus St.,Varash,"May 8, 1958"
Kennan Hawkins,donec@outlook.org,104-1187 Ipsum St.,Bayugan,"Sep 9, 1963"
Seth Baxter,ultrices.vivamus@protonmail.ca,"P.O. Box 204, 4642 Enim. Ave",Guadalupe,"Dec 31, 1947"
Meredith Vega,bibendum.sed@yahoo.com,"147-3497 Convallis, Avenue",Landeck,"Jan 6, 1955"
Carlos Weber,nunc.sollicitudin@aol.net,"1074 Risus, Av.",Gia Nghĩa,"Dec 18, 1953"
Maia Tate,erat@google.ca,"P.O. Box 561, 7572 Augue. Ave",Sibasa,"May 10, 2005"
Rinah Keller,faucibus.orci@google.ca,728-5787 Erat St.,Almería,"May 3, 1982"
Bevis Benson,consectetuer.cursus.et@google.couk,Ap #683-1350 Risus. Street,Hilo,"Nov 17, 1999"
Deborah Douglas,eleifend@outlook.org,Ap #299-7100 Nibh St.,Himamaylan,"Mar 2, 1941"
Reuben Kennedy,arcu.et@yahoo.net,9196 Lacus. St.,Vienna,"Aug 29, 2015"
Iona Lopez,maecenas.mi@aol.couk,"P.O. Box 843, 3555 Eu St.",Altmünster,"Jan 22, 1965"
Bert Trevino,etiam.ligula@outlook.com,4283 Egestas Street,Montpellier,"Jul 4, 1954"
Zenia Roth,lorem.auctor@aol.couk,295-7889 Lacus. Rd.,Heilbronn,"Jun 15, 1985"
Victoria Mcmillan,suspendisse.dui.fusce@protonmail.edu,Ap #803-3504 Quisque Rd.,Scunthorpe,"Feb 10, 2005"
Mark Hanson,massa@protonmail.ca,"P.O. Box 288, 7182 Ornare Avenue",Rocca di Cambio,"Dec 10, 1962"
Sonia Gillespie,cras@outlook.ca,Ap #694-1781 Fusce St.,Guápiles,"Jan 18, 2009"
Basil Bruce,sed.neque@google.edu,858-3069 Blandit Rd.,Sijsele,"Dec 25, 1963"
Lucy Holden,dictum.sapien@hotmail.org,Ap #903-5758 Adipiscing Ave,Enns,"Jun 1, 1943"
Zia Chen,vitae.erat@yahoo.ca,Ap #169-421 Commodo Street,Swellendam,"Jul 24, 1996"
Arsenio Silva,semper.nam.tempor@outlook.org,"909-4124 Lorem, Rd.",Hastings,"Aug 17, 1964"
Martin Waters,ipsum@icloud.net,Ap #514-6001 Nulla St.,Dörtyol,"Apr 7, 1953"
Ann Alvarado,nibh.quisque@google.org,447-8526 Massa Ave,Pukekohe,"Aug 16, 2009"
Madonna Scott,donec.feugiat.metus@protonmail.edu,5729 Euismod Rd.,Ashburton,"Sep 18, 1959"
Graiden Hale,egestas@outlook.edu,923-8044 Et St.,Rouen,"May 14, 1947"
Whitney Lloyd,egestas.nunc@outlook.org,5559 Posuere Ave,Thalassery,"Sep 18, 1962"
Dustin Leonard,morbi.non@outlook.net,6414 Duis Av.,Serramonacesca,"Mar 23, 1969"
Amy Gentry,ut.molestie@yahoo.ca,Ap #517-3011 Nisi Avenue,Bollnäs,"Oct 11, 1982"
Jayme Schmidt,posuere.at.velit@yahoo.com,Ap #842-6490 Euismod Street,Salon-de-Provence,"Mar 1, 1942"
Quynn Anderson,imperdiet.non@icloud.ca,Ap #891-3501 Eleifend St.,Builth Wells,"Nov 1, 2012"
Grady Guerra,interdum@protonmail.com,782-6416 Sollicitudin Rd.,Dublin,"Aug 30, 1974"
Holly Barnes,nunc.ac.sem@hotmail.org,Ap #302-6717 Eu Av.,Dublin,"Sep 29, 2010"
Ava Hoffman,viverra.maecenas.iaculis@protonmail.net,960-8645 Lorem Road,Jaén,"Apr 14, 2011"
Ian Duncan,donec.est@protonmail.ca,Ap #840-6971 Nullam St.,Lerum,"Sep 6, 1972"
Vielka Short,nibh.vulputate@outlook.net,Ap #372-4580 Erat Ave,Cáceres,"Feb 21, 2006"
Brittany Dawson,tortor@icloud.edu,"P.O. Box 851, 1791 Fusce Avenue",Gaithersburg,"Aug 27, 1962"
Hu Vinson,integer.eu@icloud.edu,203-1030 Facilisis. Ave,Carson City,"Jun 10, 1959"
Teegan Sexton,curae.phasellus@icloud.edu,"P.O. Box 325, 2376 In Street",Bridgeport,"Aug 17, 2014"
Jael York,lorem@google.com,918 Aliquam Road,Grand Island,"May 9, 2010"
Faith Blackwell,mi.ac.mattis@outlook.com,251-6875 Auctor Rd.,Istanbul,"Oct 13, 1972"
Tamara Newton,cras.dolor@protonmail.com,"P.O. Box 549, 8160 Enim. Avenue",Casoli,"Jul 25, 1991"
Driscoll Pollard,posuere.cubilia@aol.edu,"P.O. Box 452, 5728 Egestas Rd.",Dordrecht,"Feb 20, 2003"
Nerea Sweeney,mauris.blandit@google.com,Ap #431-112 Fermentum Avenue,Belfast,"Jan 5, 1958"
Gavin Huff,morbi.non.sapien@yahoo.org,501-3512 Ut Ave,Johannesburg,"Jan 7, 1981"
Dylan Jennings,diam@aol.net,Ap #550-5512 Auctor. Av.,Hamburg,"Jan 17, 2018"
Orlando Vang,odio.etiam@yahoo.ca,"795-4486 Non, Avenue",Sengkang,"Feb 21, 1962"
Fleur Gould,dolor.vitae.dolor@google.ca,912-5781 Nulla Av.,Sheikhupura,"Nov 5, 1950"
Indira Livingston,in.tincidunt.congue@yahoo.couk,Ap #668-8661 Hendrerit Rd.,Hamburg,"Oct 10, 1994"
Jessamine Pruitt,lorem.ac@aol.couk,Ap #496-5223 Nulla Road,San Piero Patti,"Sep 7, 1979"
Anjolie Melton,lectus.pede@outlook.ca,"682-3795 Lorem, Road",Siedlce,"May 21, 1970"
Blaze Wade,arcu@hotmail.couk,2202 Euismod Av.,Alice,"Sep 11, 1976"
Athena Berger,diam.nunc@aol.net,"P.O. Box 769, 9594 Pellentesque Av.",Qualicum Beach,"May 26, 1950"
Stuart Cobb,magna@hotmail.org,209-3985 Erat. Ave,Seogwipo,"Mar 21, 2006"
Ethan Riggs,dictum.eleifend.nunc@google.edu,571-4456 Tristique Rd.,Querétaro,"Nov 10, 1999"
Celeste House,mauris.id.sapien@outlook.couk,"Ap #911-2538 Nunc, Av.",Vezirköprü,"Aug 29, 1951"
Orson Mack,phasellus.fermentum@icloud.net,3370 Et Road,Hòa Bình,"Mar 16, 2015"
Josephine Aguilar,magnis.dis@icloud.com,152-1280 Velit Street,Terme,"Jul 22, 1989"
Zephania Sparks,et.eros@outlook.edu,"803-4190 Vitae, St.",Oryol,"Jan 22, 1962"
Halla Wall,sapien.cursus.in@yahoo.couk,974-8478 Libero. Street,Des Moines,"Apr 27, 2004"
Olga Byers,ridiculus@icloud.com,4099 Sed Street,Katihar,"Aug 6, 1995"
Lucian Rice,elit.sed@google.couk,547-1053 Nam Av.,Puntarenas,"Jan 20, 1991"
Mia Richard,magna@icloud.couk,Ap #525-7602 Blandit St.,Seogwipo,"Jan 14, 1980"
Jackson Brady,curabitur.ut@google.edu,"Ap #615-5523 Id, St.",Saint-Maur-des-Fossés,"Mar 29, 1956"
Amy Travis,tempus@outlook.couk,"P.O. Box 330, 7172 Ornare, Road",Larvik,"Jun 23, 1966"
Beverly Hensley,tincidunt.nunc.ac@icloud.couk,Ap #826-1942 Praesent Avenue,Chepén,"Oct 28, 1988"
Nevada Benjamin,sem.molestie@outlook.couk,5456 Maecenas Avenue,General Lagos,"May 6, 2008"
Summer Marshall,nisi.magna@google.edu,Ap #662-8928 Dictum Av.,Bauchi,"Sep 7, 2001"
Avye Jones,sociis.natoque@hotmail.ca,Ap #280-3051 Lobortis Avenue,Colorado Springs,"Dec 17, 1995"
Tara Short,dolor.sit@google.ca,195-5081 Aliquet. St.,Quy Nhơn,"Apr 21, 2012"
Rhiannon Smith,tincidunt@outlook.edu,"P.O. Box 451, 7457 Est, Rd.",Algeciras,"Sep 11, 1970"
Tana Guy,a.magna@hotmail.edu,1595 Sed Road,Bến Tre,"Oct 27, 1993"
Phyllis Shaw,arcu@icloud.com,3387 Nisi. Rd.,Swat,"May 21, 1982"
Zena Ellis,convallis.dolor@yahoo.com,"297-3402 Odio, Road",Biała Podlaska,"May 23, 1972"
Gavin Knox,adipiscing.lobortis@yahoo.ca,Ap #561-2719 Nonummy St.,Neuwied,"Apr 18, 1940"
Megan Mcfarland,dictum.eleifend@icloud.com,4567 Nisi Road,Neelum Valley,"Sep 14, 2004"
Emmanuel Brewer,proin.vel@yahoo.net,107-7476 Id Av.,Vologda,"Sep 20, 2019"
Lev Ware,sem.vitae.aliquam@hotmail.org,"P.O. Box 300, 1809 Erat. Avenue",Fort Wayne,"Oct 15, 1951"
James Campos,iaculis.enim.sit@google.ca,2585 Donec Av.,Culiacán,"Jun 16, 2010"
Leah Holloway,egestas.lacinia.sed@aol.com,914-5226 Non St.,Andong,"Dec 2, 1947"
Aurora Vang,donec.tincidunt@protonmail.com,653-1509 Augue. Av.,San Rafael Abajo,"Feb 20, 1995"
Sierra Boyle,aenean@yahoo.ca,"8901 Et, St.",Irapuato,"Aug 1, 1950"
Madaline Richard,vulputate@outlook.com,8420 Libero. Rd.,Betim,"Oct 20, 1982"
Mari Bryant,elit.pharetra@hotmail.couk,762-3418 Sagittis. Rd.,Hattian Bala,"Jun 20, 1997"
Jasmine Graham,donec@aol.couk,"P.O. Box 169, 8002 Natoque St.",Illapel,"Dec 28, 1960"
Halla Marsh,eu.sem@yahoo.edu,Ap #488-9281 Velit Ave,Brisbane,"Jun 7, 1976"
Chantale Hobbs,orci.sem@outlook.net,348 Nulla. St.,Batangas City,"Oct 8, 1962"
Martin Carver,dolor.donec@google.net,"344-8781 Eget, St.",Volgograd,"Feb 17, 1998"
Holly Stanton,libero.nec.ligula@yahoo.ca,Ap #684-5210 Pretium St.,Pavlohrad,"Mar 22, 2008"
Larissa Osborne,imperdiet.ornare.in@hotmail.org,Ap #723-6518 Mauris Rd.,San Pablo,"Dec 20, 2019"
Francesca Brock,mauris@aol.org,Ap #200-4521 Elit. Street,Köflach,"Sep 22, 1940"
Halee Britt,iaculis.enim.sit@icloud.com,Ap #532-1177 Lorem St.,Chernivtsi,"Apr 19, 1943"
Jane Dunn,ullamcorper@protonmail.com,1049 Quisque St.,Juliaca,"Jan 30, 1967"
MacKensie Castro,lectus@protonmail.ca,8597 Malesuada. Road,Karak,"Dec 1, 2002"
Diana Levy,id.ante.nunc@icloud.org,9410 Nunc Av.,Lebowakgomo,"Sep 17, 1991"
Kasper Fields,non.hendrerit@hotmail.couk,Ap #841-4173 Semper Road,Bayreuth,"Sep 6, 1983"
Silas Tucker,ac.turpis@protonmail.net,Ap #552-3928 Eget Avenue,Lviv,"Jul 30, 1952"
Elvis Blake,tellus.imperdiet@outlook.ca,Ap #212-1410 Congue Rd.,Tanglin,"Dec 15, 1949"
Oprah Mercer,senectus.et.netus@google.com,406-3020 Nulla Ave,Okigwe,"Nov 30, 2006"
Shannon Albert,vivamus@yahoo.org,891-5718 Nunc Rd.,Montague,"Oct 7, 2016"
Raphael Coleman,blandit.enim@yahoo.net,"9603 Aliquet, Rd.",Kendari,"Oct 22, 2012"
Holmes Everett,sit@icloud.org,Ap #640-7674 Praesent Rd.,Hammerfest,"Sep 16, 2016"
Breanna Franco,sed.nunc@aol.ca,483-7310 Dui. Rd.,Stockerau,"Jul 10, 1971"
Hannah Collier,dolor.dapibus@aol.ca,216-3549 Molestie Av.,Athens,"Sep 17, 1972"
Ingrid Kane,enim@aol.ca,547-9083 Iaculis Rd.,Murcia,"Aug 20, 1957"
Maggie Wise,penatibus.et@aol.com,3211 Rhoncus. St.,Malvern,"Sep 14, 1959"
Yolanda Howell,ultrices.posuere.cubilia@hotmail.ca,"P.O. Box 743, 324 In, St.",Watson Lake,"Apr 28, 1982"
Jarrod Leon,eu.odio@aol.edu,Ap #110-6487 Ac St.,Kyiv,"Mar 7, 1982"
Joshua Hodges,hendrerit.neque@hotmail.edu,"Ap #656-384 A, Ave",Cambridge Bay,"Feb 13, 1944"
Kennedy Colon,etiam@outlook.org,"220-3429 Ornare, Ave",Shanxi,"Nov 20, 1991"
Marsden Leon,eros@icloud.com,477-3232 Enim. Rd.,Puerto Carreño,"Oct 27, 1995"
Rudyard Payne,natoque.penatibus.et@protonmail.edu,Ap #379-6560 Ipsum. Street,Laoag,"Mar 8, 1955"
Keaton Mcpherson,aenean@protonmail.net,"P.O. Box 625, 6235 Eget, Ave",Lauro de Freitas,"Jul 14, 2017"
Adena Mclean,tortor.nunc@google.couk,523-7680 Sed Road,Redcliffe,"Feb 3, 2012"
William Santos,nullam.lobortis@yahoo.ca,Ap #993-880 Mauris Street,Columbia,"Aug 22, 1957"
Simon Strong,proin.vel.arcu@yahoo.ca,169-6099 Vivamus Avenue,Chepén,"Jul 9, 1991"
Maris Randolph,blandit.viverra@protonmail.couk,Ap #943-8086 Nonummy St.,Castle Douglas,"Mar 30, 1949"
Kermit Robinson,est@hotmail.org,"P.O. Box 771, 2182 Egestas. Rd.",Skien,"Nov 2, 2019"
Jenna Maldonado,est@aol.org,2281 Convallis Av.,Khyber Agency,"Dec 26, 1945"
Dawn Berry,at.libero@protonmail.couk,639-8999 Vulputate St.,Okene,"Jun 14, 1956"
Nita Gillespie,feugiat@google.ca,761-9131 Mus. Street,Waitakere,"Jan 5, 1971"
Natalie Tillman,magnis.dis.parturient@aol.couk,658-8908 Nibh Av.,Kherson,"Mar 15, 2001"
Lev Blackburn,et@icloud.couk,"P.O. Box 970, 1034 Est Road",Fort Worth,"Jan 17, 1960"
Davis Decker,iaculis.odio@yahoo.net,144-2906 Tincidunt Rd.,Kalisz,"Jun 16, 1960"
Quon Conley,nec.enim@protonmail.couk,9628 Tristique Rd.,Vienna,"Feb 12, 1963"
Harlan Mcguire,metus.vitae@hotmail.org,186-7583 Integer Av.,Jayapura,"Nov 23, 1964"
Sebastian Jensen,ornare.egestas@protonmail.net,161-1121 Erat. Avenue,Tirúa,"Apr 23, 1984"
Rahim Norman,mi.enim@google.ca,Ap #642-7661 Arcu. Av.,Ribeirão das Neves,"Dec 20, 1949"
Isabella Henry,tellus@protonmail.ca,308-3527 Porttitor Road,Jeonju,"Mar 29, 2009"
Jerry Owens,vivamus@hotmail.ca,Ap #296-351 Nibh Ave,Lipetsk,"Dec 8, 1991"
Zeph Montoya,ut.cursus@google.edu,Ap #936-344 Egestas St.,Onitsha,"Apr 24, 2010"
Elaine Hull,et.eros.proin@yahoo.couk,"648-4191 Tincidunt, St.",Belfast,"Dec 3, 1944"
Daria Garrett,velit@yahoo.net,Ap #788-3799 Interdum. Ave,Anthisnes,"Nov 15, 1953"
Jamal Smith,ante.dictum@aol.ca,Ap #991-8315 Interdum Street,Boryeong,"Nov 10, 1965"
Chiquita Powers,mollis.phasellus@google.edu,291-5779 Ullamcorper. Av.,Levanger,"Apr 1, 1986"
Barclay Walker,tincidunt.pede.ac@aol.org,Ap #473-9497 Feugiat Rd.,Bergisch Gladbach,"Nov 12, 1956"
Otto Collier,nam.interdum@yahoo.net,Ap #142-4413 Justo St.,Caldera,"Mar 14, 2008"
Melinda Sampson,interdum.sed.auctor@google.edu,Ap #623-9589 Sed Rd.,Turrialba,"Oct 29, 2012"
Leilani Banks,erat.etiam.vestibulum@icloud.net,5550 Pellentesque Ave,Luziânia,"Oct 26, 1957"
Erich Johns,sociis.natoque.penatibus@outlook.couk,Ap #172-7582 Donec St.,Piedras Negras,"Dec 19, 1947"
Thane York,ac@yahoo.edu,"Ap #242-5139 Ut, Rd.",Brive-la-Gaillarde,"Aug 26, 1961"
Macaulay Kaufman,morbi@yahoo.couk,Ap #287-727 Vulputate Road,Jeonju,"Oct 11, 1987"
Phillip Palmer,non.dui@hotmail.couk,8196 Sed Street,Haveli,"Jul 18, 1992"
Christine Gillespie,ultrices.posuere@icloud.edu,"P.O. Box 358, 9772 Urna St.",Cork,"Mar 12, 1953"
Kylee Miller,tellus.aenean@yahoo.couk,4919 Semper Avenue,Rutland,"Dec 25, 1992"
Keelie O'connor,ligula.tortor@aol.org,"543-1503 Est, St.",Chuncheon,"May 9, 2013"
Raphael Byrd,est.ac@icloud.ca,Ap #918-7239 Parturient Road,Launceston,"Feb 20, 1961"
Adria Rogers,in.aliquet@hotmail.net,Ap #928-3511 Ac Road,Toba Tek Singh,"Aug 6, 2006"
Abdul Estes,justo@hotmail.ca,"P.O. Box 594, 5404 Tortor Avenue",Colchane,"Feb 9, 1968"
Quintessa Roman,congue.a@google.couk,"P.O. Box 737, 4225 Fermentum St.",Santa Luzia,"Mar 7, 2007"
Althea Davenport,turpis.in@google.net,4554 Eget Road,Silvassa,"Oct 18, 1948"
Beverly Moon,enim@aol.couk,"P.O. Box 185, 4506 Varius Ave",Bischofshofen,"Sep 30, 2014"
Carter Franks,mauris@aol.ca,627-3583 Nulla Avenue,Cork,"Dec 26, 1963"
Carla Rocha,nisl.quisque@protonmail.org,Ap #610-2342 Dolor St.,Larvik,"Sep 13, 1945"
Lionel Boyer,nulla.at.sem@outlook.net,463-8444 At Rd.,Okene,"Dec 2, 1950"
Brendan Miranda,tellus@aol.edu,"620-4135 Auctor, Road",Iloilo City,"Dec 7, 1960"
Kasper Huber,lectus.nullam@outlook.couk,397-6242 Iaculis Rd.,Yeongcheon,"Apr 4, 1961"
Daphne Mejia,cras@yahoo.couk,"P.O. Box 385, 5295 Ultrices Ave",Paiguano,"Dec 18, 2016"
Kasper Ray,senectus.et@yahoo.ca,440-3022 Faucibus Ave,Manisa,"Jul 13, 1962"
Mariam Allen,ultrices.sit.amet@aol.ca,886-4200 Gravida Rd.,Envigado,"Jan 20, 1940"
Colin Mcknight,sociis.natoque@hotmail.ca,635-1660 Fringilla Ave,Linköping,"Jun 2, 1955"
Chancellor Hull,nibh.aliquam@google.com,Ap #842-3119 Metus Ave,Stargard Szczeciński,"Jan 30, 1957"
Simone Henson,nunc.ullamcorper.eu@google.edu,5857 Nunc Av.,Cork,"Aug 19, 1996"
Adena Joyce,lectus.nullam@hotmail.com,5267 Cras Av.,Abbottabad,"Apr 11, 1985"
Hayley Garrett,nunc@aol.org,634-6542 Proin St.,Governador Valadares,"Aug 14, 2003"
Bryar Carson,suspendisse.eleifend@protonmail.org,Ap #653-544 Sem Street,Limón (Puerto Limón],"Sep 26, 1965"
Josiah Hughes,tellus.justo.sit@protonmail.org,1899 Vehicula. St.,Agartala,"Oct 4, 1965"
Marny Massey,donec.fringilla@outlook.org,121-501 Non Av.,Elbistan,"Jan 2, 1991"
Alana Singleton,tellus.non.magna@aol.ca,"P.O. Box 774, 6854 Adipiscing Ave",Queenstown,"May 17, 1953"
Guy Powell,urna.justo@hotmail.ca,Ap #108-8640 Molestie St.,Pervomaisk,"Jun 18, 1991"
Damon Durham,curabitur.sed.tortor@protonmail.edu,183-2617 Aliquet St.,Niort,"Jul 18, 2015"
Anjolie George,non.nisi.aenean@google.com,"Ap #605-6350 A, Rd.",Pohang,"Jan 4, 1985"
Carissa Morin,massa.quisque@icloud.org,185-2636 Nunc Road,Sumy,"Jan 27, 1967"
Scarlet Wells,in.aliquet.lobortis@yahoo.couk,"P.O. Box 937, 1151 Egestas. Rd.",Alwar,"Sep 20, 2010"
Stephanie Grimes,fusce.mollis.duis@google.com,Ap #811-3827 Phasellus Rd.,Ibagué,"May 28, 1969"
Clark Robbins,semper.tellus@icloud.couk,558-286 Donec St.,Port Moody,"Dec 19, 1995"
Sybill Ramirez,elit.pharetra@hotmail.ca,Ap #342-9675 Tempor Road,Valley East,"Jun 29, 1954"
Castor Hayden,erat.volutpat@protonmail.org,614-4991 Mauris St.,Heilongjiang,"Sep 10, 1979"
Charissa Bridges,massa@aol.org,246-535 Orci St.,Ceuta,"Apr 23, 2000"
Madison Nolan,molestie.in@icloud.com,"P.O. Box 566, 6370 Tincidunt Street",Santa Maria,"Jan 5, 1992"
Simone Cox,dolor.elit@hotmail.net,Ap #210-233 Facilisi. Rd.,Sarpsborg,"Dec 21, 2018"
Elmo Newman,consectetuer.adipiscing@yahoo.edu,Ap #256-7826 Dictum Ave,Port Blair,"Aug 25, 1971"
Phoebe Rogers,consectetuer.adipiscing@google.couk,Ap #907-2395 Nam Street,Värnamo,"Apr 20, 1947"
Amy Tillman,in.aliquet@aol.couk,596-7550 Fusce Road,Yopal,"Feb 1, 1983"
Kamal Hanson,odio.nam@yahoo.com,Ap #924-421 Luctus Av.,Castelló,"Jan 22, 2010"
Kermit Foley,posuere.cubilia@hotmail.com,"P.O. Box 447, 4295 Auctor Rd.",Longaví,"Jan 2, 1984"
Christopher Sweeney,phasellus.elit.pede@hotmail.ca,5758 Massa. Street,Alajuela,"Oct 17, 2011"
Martina Combs,at.libero@icloud.couk,805-4309 Accumsan Av.,Norrköping,"Mar 18, 1986"
Rhea Casey,eleifend.nunc.risus@hotmail.edu,539-4130 Lectus. Rd.,Dublin,"Dec 24, 2006"
Winifred Marshall,malesuada.augue@outlook.org,1439 Lorem Rd.,Arrone,"Oct 3, 1990"
Chester Sloan,sem.ut.cursus@protonmail.edu,"P.O. Box 449, 2551 Sed St.",Ambattur,"Apr 30, 1950"
Keely Sweet,augue.sed.molestie@aol.edu,"8962 Placerat, Ave",Veenendaal,"Apr 3, 1983"
Gavin Francis,ut.tincidunt@google.couk,875-1110 Nec Street,Acapulco,"Aug 7, 1953"
Deanna Cherry,elit.pellentesque.a@outlook.edu,5426 Phasellus Rd.,Vezirköprü,"Apr 30, 1962"
Naomi Dickerson,vehicula@outlook.edu,"P.O. Box 473, 6441 Arcu Avenue",Denpasar,"Feb 25, 1946"
Kadeem Dale,iaculis.enim@google.edu,225-2757 Etiam Rd.,Olsztyn,"Jan 11, 1976"
Oprah Bennett,molestie.tortor@hotmail.couk,419-5429 Erat Av.,São José,"Oct 5, 2001"
Eleanor Rivers,pede.blandit@aol.net,652-4536 Bibendum. Ave,Anhui,"Mar 14, 1958"
Natalie Norris,dignissim.magna.a@yahoo.net,4760 Tempus Rd.,Mjölby,"Oct 12, 2003"
Isabelle Cobb,vulputate.mauris@hotmail.com,Ap #989-9251 Ornare. Av.,Qinghai,"Jan 19, 1963"
Richard Munoz,tristique.pellentesque@hotmail.couk,1951 Egestas St.,Beypazarı,"Jun 25, 1941"
Ryder Fry,magna.duis@yahoo.edu,Ap #584-4807 Pretium Street,Calbuco,"May 31, 1972"
Sonia Price,nunc.mauris.elit@hotmail.com,791-2453 Magna. Av.,Kurram Agency,"Apr 22, 1941"
Mason Mathews,lectus.ante.dictum@outlook.com,8755 Vitae Avenue,Salamanca,"Jan 3, 2017"
Aspen Reynolds,lectus@outlook.couk,Ap #839-6742 Dui Rd.,Seogwipo,"Jun 6, 1983"
Brianna Galloway,arcu@hotmail.ca,"P.O. Box 231, 3529 Iaculis Rd.",Paderborn,"Jun 27, 1997"
Carol Ruiz,sem.pellentesque.ut@hotmail.ca,785-6483 Feugiat Avenue,Stockton-on-Tees,"Jan 15, 1958"
Craig Kirkland,odio.semper@icloud.com,"Ap #786-1551 Ut, Ave",Tehuacán,"Oct 21, 1964"
Paula Higgins,arcu@google.com,Ap #187-6980 Libero Avenue,Olsztyn,"Jan 3, 1982"
Judah Spence,magna.praesent@hotmail.edu,2629 Aliquam Av.,Stourbridge,"Apr 28, 1979"
Meghan Mueller,condimentum.donec@hotmail.net,"P.O. Box 357, 5173 Blandit Road",Mmabatho,"Oct 16, 1952"
Kasper Sims,diam.duis@outlook.com,483-4955 Eros. Road,Lillehammer,"Aug 20, 2000"
Wanda Sawyer,cras.eu@aol.edu,"Ap #216-9783 Amet, St.",Bedford,"Aug 31, 1980"
Imogene Flynn,eget.metus@hotmail.org,"P.O. Box 414, 3197 Cum Rd.",Westport,"Oct 2, 1960"
Len O'connor,nulla@yahoo.org,3954 Arcu Road,Dalkeith,"Jul 12, 1966"
Lynn Rivas,sem.egestas.blandit@icloud.edu,614-2666 Urna St.,Gävle,"Aug 31, 1970"
Denton Richards,scelerisque.dui@hotmail.net,1459 Convallis Rd.,Brussel,"Jan 6, 1971"
Kareem Pace,fusce.mollis.duis@protonmail.couk,Ap #600-8352 Suspendisse Avenue,Shikarpur,"Jan 27, 1948"
Macaulay York,cursus.et@hotmail.ca,Ap #660-6709 Habitant Road,Acapulco,"Jul 25, 2000"
Indigo Boone,iaculis.enim.sit@google.org,"P.O. Box 658, 4545 Elit. Rd.",Alchevsk,"Apr 28, 1998"
Judah Norton,placerat.eget@hotmail.couk,"P.O. Box 295, 3807 Mauris. Road",Te Awamutu,"Sep 4, 1957"
Stephen Holland,lacus.cras@yahoo.com,Ap #598-5352 Libero Rd.,Hulst,"Mar 14, 1956"
Adena Beach,nibh@outlook.com,8503 Hymenaeos. Rd.,Guaitecas,"Feb 14, 2004"
Zephania Lane,fusce.mi.lorem@google.couk,864-5389 Gravida Ave,Brest,"Oct 30, 1981"
Keegan Raymond,tellus.imperdiet.non@icloud.com,Ap #269-7169 Orci St.,Casablanca,"Oct 29, 1999"
Channing Zamora,malesuada.integer@outlook.org,227-4274 Sed St.,Harnai,"May 3, 1984"
Raya Medina,ligula.nullam@aol.com,787-6901 Arcu. Av.,Erode,"Mar 2, 2011"
Blossom Livingston,sagittis.lobortis.mauris@aol.edu,4324 Elit. Street,Maidenhead,"Feb 7, 1975"
Kristen Odom,augue@icloud.com,8778 Lorem. Street,Kursk,"Jan 19, 2017"
Emma Griffin,mauris@icloud.couk,"P.O. Box 805, 8794 Mauris Avenue",Agartala,"Feb 8, 2009"
Keelie Cole,consectetuer.cursus@icloud.org,Ap #449-3006 Ipsum Ave,Kulti-Barakar,"Jun 24, 1998"
Kylan Trujillo,auctor.odio@google.couk,Ap #738-5278 Sed Avenue,Tarzo,"May 22, 1954"
Barrett Michael,donec@yahoo.ca,Ap #436-8105 Gravida Street,Kumluca,"Apr 3, 1986"
Edward Curry,lorem.donec@outlook.ca,4280 Pellentesque St.,Queenstown,"Aug 31, 2007"
Elvis Mack,donec.dignissim.magna@outlook.couk,4410 Ac Avenue,Kuruman,"Apr 1, 1952"
Aiko Ballard,purus.mauris@aol.edu,Ap #602-6299 Pellentesque Street,Lidingo,"Jul 12, 1941"
Gabriel Valencia,curabitur.consequat.lectus@aol.edu,"P.O. Box 123, 6952 Scelerisque, Street",Bregenz,"Dec 21, 2014"
Eleanor Abbott,diam.sed@aol.net,891-3151 Nunc Av.,Stjørdalshalsen,"Dec 1, 1957"
Sawyer Atkins,ipsum.phasellus.vitae@outlook.org,336-5963 Magna Street,Haridwar,"Dec 5, 2008"
Lars Ruiz,ultrices@yahoo.ca,3679 Nonummy Street,Brive-la-Gaillarde,"Dec 7, 2002"
Gary Shields,amet.diam.eu@aol.ca,Ap #332-973 Mauris Street,La Rochelle,"Apr 20, 1959"
Timothy Drake,praesent@outlook.com,1751 Elit. St.,Straits View,"Dec 31, 1997"
Theodore Valdez,dui.nec.tempus@aol.ca,"P.O. Box 235, 3525 Malesuada Av.",Guadalajara,"Jun 14, 1992"
Berk Rosales,nisi.aenean@protonmail.edu,680-7375 Porttitor Street,Diyarbakır,"Aug 8, 1948"
Gretchen Larson,tincidunt.pede.ac@aol.edu,786 Fusce Rd.,Minatitlán,"Dec 26, 1996"
Katell Walter,eget@aol.net,272-3953 Pede. Av.,Tagbilaran,"Sep 21, 1953"
Madonna Rios,nunc.nulla@icloud.edu,3860 Mollis St.,Tuy Hòa,"Mar 30, 1957"
Basia Talley,eu.tempor@hotmail.ca,Ap #563-9128 Porttitor Avenue,Balclutha,"Feb 22, 1963"
Leila Pollard,elit@protonmail.net,Ap #353-4780 Dis Rd.,Smolensk,"Jan 7, 1994"
Vivian Mcfarland,ac.risus@outlook.com,556-7440 Ut Street,Driffield,"May 29, 2006"
Gareth Stein,sed@yahoo.org,Ap #374-1509 Posuere Ave,Sembawang,"Oct 12, 2018"
Olivia Sharp,lacus.nulla@outlook.ca,8635 Ornare Avenue,Alassio,"Oct 14, 1991"
Rashad Rush,urna.nullam@aol.couk,"P.O. Box 165, 1938 Quam Street",Chapecó,"Jun 12, 1962"
Lenore Barber,amet.consectetuer@hotmail.edu,Ap #423-2209 Metus. Rd.,Tampines,"May 2, 1959"
Alana Brown,donec.fringilla@hotmail.edu,Ap #285-7748 Arcu Rd.,Vienna,"Dec 11, 1999"
Hyatt Barker,sit.amet.metus@icloud.org,Ap #407-3045 Penatibus Avenue,Olinda,"Jan 27, 1993"
Ainsley Sims,proin.dolor.nulla@protonmail.ca,288-2497 Tincidunt Street,Bludenz,"Nov 25, 1984"
Quinn Mcclain,nunc.est@yahoo.ca,707-3884 Lorem St.,Kohima,"Aug 28, 2006"
Dean Weeks,aliquet@yahoo.org,Ap #628-6911 Lectus Av.,Yurimaguas,"May 7, 1947"
Xantha Sullivan,tincidunt.nunc@icloud.ca,Ap #233-6969 Quam St.,Sembawang,"Nov 2, 2008"
Yolanda Boyer,vulputate.nisi.sem@google.ca,1318 Integer Ave,Jefferson City,"Nov 15, 1988"
Nolan Savage,sodales@google.edu,504-8662 Ac St.,Farsund,"Oct 3, 1970"
Nissim Allison,proin.dolor.nulla@google.com,"287-9392 Luctus, Av.",Liaoning,"Apr 26, 2001"
Josiah Lewis,nunc.laoreet.lectus@google.com,448-7573 Aliquam St.,Nice,"Jun 27, 1992"
Nita Farmer,morbi@outlook.com,"P.O. Box 488, 4581 Non Avenue",Clementi,"Mar 29, 1965"
Emma Brady,tortor@yahoo.edu,646-6118 Nunc. Avenue,Medemblik,"Jun 24, 1982"
Cally Burch,ornare.tortor@protonmail.ca,Ap #601-5094 Vitae Ave,Burnie,"Jan 7, 2002"
Tatyana Stanton,consectetuer.adipiscing.elit@google.ca,555-9029 Vel Avenue,Coatzacoalcos,"Jun 27, 2011"
Tucker French,ornare.in@google.com,Ap #701-7677 Donec St.,Larkana,"Jun 4, 1972"
Elliott Harper,est.ac.facilisis@icloud.ca,542-5092 Justo St.,Cusco,"Jan 9, 1985"
Rosalyn Lancaster,fringilla@outlook.com,Ap #676-412 Nulla. Road,Kamianske,"Jun 6, 1978"
Aphrodite Briggs,vulputate.risus.a@aol.net,Ap #265-3796 Imperdiet Rd.,Sapele,"Jul 18, 1996"
Brent Boyle,tellus.lorem@outlook.net,Ap #271-3427 Integer Street,Thủ Dầu Một,"Aug 12, 1996"
Riley Howe,adipiscing.elit@yahoo.org,964 Magna. St.,Picton,"Sep 10, 2016"
Lesley Castro,proin.mi@yahoo.edu,1964 Magna Ave,Bauchi,"Jun 7, 1949"
Kay Kent,metus.sit@icloud.com,Ap #641-9465 Eu St.,Charters Towers,"Aug 23, 2015"
Raven Valdez,tempus.non@outlook.couk,865 Amet Rd.,Bathurst,"Jan 29, 1994"
Elton Briggs,ultrices.mauris.ipsum@google.com,Ap #122-9637 Sociis Rd.,Dutse,"Jan 27, 2017"
Boris Hubbard,in@yahoo.com,Ap #561-5938 Magna. Rd.,Puerto Colombia,"Jan 25, 1956"
Ray Hensley,diam.luctus@hotmail.com,366-8777 Cursus. St.,Semarang,"May 26, 1963"
Amos Mccullough,sapien@yahoo.couk,953-5306 Tincidunt St.,Ilagan,"Aug 3, 2011"
Tyrone Frost,eu@protonmail.org,"P.O. Box 178, 878 Pede, Rd.",Nicoya,"Sep 5, 1963"
Inez Alvarez,turpis@yahoo.ca,710-9615 Arcu Avenue,Jodhpur,"Apr 21, 1999"
Xyla Sheppard,etiam.ligula@yahoo.net,Ap #250-9959 Morbi Av.,Vienna,"Aug 30, 2008"
Mary Crawford,dui.augue.eu@yahoo.edu,244-2417 Vivamus Street,Donosti,"Aug 14, 2003"
Maisie Caldwell,urna.nullam@protonmail.net,Ap #105-8856 Phasellus Av.,Bama,"Mar 20, 1940"
Nina Henry,et.magnis@icloud.net,Ap #978-8345 Semper. Rd.,Granada,"Oct 14, 2001"
Kay Copeland,tincidunt.pede@yahoo.couk,"P.O. Box 982, 9037 Egestas. Rd.",Spijkenisse,"Jun 22, 2019"
Irma Cochran,suspendisse.dui.fusce@outlook.couk,Ap #610-2899 Molestie Rd.,Nova Iguaçu,"Nov 21, 1968"
Burke Gonzales,et.magnis@outlook.org,406-7447 Ultrices. Av.,Bedok,"Mar 24, 1958"
Hector Dodson,pretium@google.edu,3434 Ut Avenue,Lviv,"Dec 21, 2013"
Rachel Gentry,parturient.montes@icloud.org,189 Nec Rd.,Hunan,"Jun 26, 1996"
Amelia Skinner,suspendisse.aliquet.molestie@outlook.edu,"P.O. Box 939, 3753 Arcu. Rd.",Te Puke,"Apr 19, 1950"
Kelly Best,etiam@google.org,526-5075 Morbi Road,Criciúma,"Apr 18, 1965"
Emily Ferrell,euismod@protonmail.ca,Ap #170-4222 Urna Road,Dutse,"Sep 16, 1970"
Alexa Woodard,egestas@hotmail.com,Ap #120-4102 Ipsum Road,Changi Bay,"Jan 29, 2009"
Briar Tillman,sed.pede@protonmail.net,280-5028 Ante. Ave,Parla,"Aug 12, 1953"
Dante Alvarado,quisque@aol.net,"P.O. Box 122, 3259 Et Av.",Łódź,"Nov 3, 1963"
Malachi Chandler,quis.urna@icloud.com,"P.O. Box 566, 2841 Sed, Rd.",Kon Tum,"Aug 19, 1950"
Jakeem Greer,vel@outlook.net,Ap #345-1021 Nisi St.,Sandviken,"Nov 4, 1965"
Shad Meadows,sit@google.couk,221-1113 Blandit St.,Guizhou,"Jul 9, 2005"
Imelda Harrington,faucibus@outlook.ca,Ap #697-216 Quisque St.,Tianjin,"Feb 15, 1990"
Otto Willis,eu.arcu@hotmail.com,129-8330 Imperdiet Rd.,Bydgoszcz,"Sep 10, 2013"
Harper Kane,sed.eu@yahoo.org,Ap #744-2627 Non Street,Orhangazi,"Jan 13, 1980"
Yoko Rivera,aenean@icloud.org,172-5047 Arcu Rd.,Tando Allahyar,"Jan 27, 1970"
Quon Park,quisque.porttitor.eros@yahoo.net,Ap #200-4754 Arcu Street,Cleveland,"Apr 30, 1959"
Rhonda Melendez,sagittis@google.couk,4625 Cursus St.,Wals-Siezenheim,"May 5, 1993"
